keyword,slope
baseball,-1.5192307692307665
football,2.115384615384613
soccer,-3.73076923076923
tennis,0.8461538461538467
golf,0.6153846153846132
hot dog,3.5
