keyword,slope
baseball,-1.8846153846153868
football,2.03846153846154
soccer,-3.9230769230769234
tennis,0.5576923076923102
golf,0.5384615384615401
